feature 1,feature 2,correlation
population,population_of_working_age,0.9985750945331808
morbidity_gepatitB_age_18_over,morbidity_gepatitB_age_all,0.9970815311136263
morbidity_tuberkulez_18_over,morbidity_tuberkulez_all,0.995200990585035
morbidity_malyariya_age_18_over,morbidity_malyariya_age_all,0.9876030141692238
population_below_working_age,population_of_working_age,0.9763884584794393
crimes_alco_intoxication_all,crimes_alco_intoxication_minor,0.9763163968901818
population,population_below_working_age,0.9742228586345394
crimes_prev_committed_crimes_all,crimes_prev_committed_crimes_minor,0.9683046214946766
population,population_above_working_age,0.9660766681329452
crimes_involving_minors_all,crimes_involving_minors_moderate,0.9648628035748743
crimes_prev_committed_crimes_all,crimes_prev_convicted_all,0.9646774772662324
crimes_prev_committed_crimes_moderate,crimes_prev_convicted_moderate,0.9626987296446375
population_above_working_age,population_of_working_age,0.9592956197434785
crimes_prev_committed_crimes_minor,crimes_prev_convicted_minor,0.9543098900132629
crimes_prev_convicted_all,crimes_prev_convicted_minor,0.9406039866833735
crimes_prev_committed_crimes_serious,crimes_prev_convicted_serious,0.935317759817104
crimes_alco_intoxication_moderate,crimes_alco_intoxication_serious,0.9303411225339694
crimes_alco_intoxication_all,crimes_alco_intoxication_moderate,0.9289693414718145
crimes_prev_committed_crimes_minor,crimes_prev_convicted_all,0.9287098235766817
crimes_alco_intoxication_all,crimes_alco_intoxication_serious,0.9237304384570104
crimes_criminal_organization_all,crimes_criminal_organization_especially_serious,0.9230426817013504
crimes_prev_committed_crimes_especially_serious,crimes_prev_convicted_especially_serious,0.9226367995154038
crimes_prev_committed_crimes_all,crimes_prev_convicted_minor,0.9136703035809806
crimes_alco_intoxication_all,crimes_prev_committed_crimes_all,0.9122646325348731
disabled_31_40,disabled_41_50,0.9067741782826332
crimes_involving_minors_all,crimes_involving_minors_serious,0.9062654947449152
crimes_involving_minors_all,crimes_involving_minors_minor,0.9036758804431523
population_above_working_age,population_below_working_age,0.9015735100680352
production_industry,production_manufacturing,0.8968618189756374
per_capita_cash_income,retail_turnover_per_capita,0.8930881246174021
crimes_alco_intoxication_minor,crimes_prev_committed_crimes_all,0.889318060247232
crimes_alco_intoxication_minor,crimes_prev_committed_crimes_minor,0.8893067635859144
crimes_alco_intoxication_especially_serious,crimes_alco_intoxication_serious,0.8883511949082611
crimes_prev_committed_crimes_all,crimes_prev_committed_crimes_moderate,0.8872742804942686
disabled_18_30,disabled_31_40,0.8847243233836238
crimes_alco_intoxication_moderate,crimes_prev_committed_crimes_moderate,0.8798963393932289
crimes_group_persons_by_prior_conspiracy_all,crimes_group_persons_by_prior_conspiracy_moderate,0.8798114617757619
crimes_prev_committed_crimes_all,crimes_prev_committed_crimes_serious,0.8792796027483251
crimes_alco_intoxication_all,crimes_prev_committed_crimes_minor,0.8773835955380019
crimes_alco_intoxication_moderate,crimes_involving_minors_all,0.8771686536577978
production_housing_and_utilities,production_industry,0.8727110910281638
disabled_41_50,disabled_51_60,0.8686223115099204
crimes_alco_intoxication_serious,crimes_involving_minors_all,0.8680348450098068
crimes_prev_committed_crimes_moderate,crimes_prev_convicted_all,0.8673741429803157
crimes_prev_convicted_all,crimes_prev_convicted_moderate,0.8648268985107948
crimes_alco_intoxication_all,crimes_alco_intoxication_especially_serious,0.8644756993912421
crimes_involving_minors_moderate,crimes_prev_committed_crimes_moderate,0.8641390234311075
crimes_involving_minors_all,crimes_prev_committed_crimes_all,0.864029720599981
crimes_alco_intoxication_moderate,crimes_involving_minors_moderate,0.8634145105309309
crimes_alco_intoxication_especially_serious,crimes_alco_intoxication_moderate,0.8626712865944137
crimes_alco_intoxication_all,crimes_involving_minors_all,0.8609359619748274
crimes_alco_intoxication_serious,crimes_prev_committed_crimes_serious,0.8606837716437925
crimes_alco_intoxication_all,crimes_prev_convicted_all,0.860309149929289
crimes_involving_minors_minor,crimes_prev_committed_crimes_all,0.8596014949758501
crimes_prev_convicted_all,crimes_prev_convicted_serious,0.8567561972873358
crimes_alco_intoxication_moderate,crimes_prev_committed_crimes_all,0.8531586686304539
crimes_involving_minors_moderate,crimes_involving_minors_serious,0.8528576278720998
crimes_alco_intoxication_all,crimes_involving_minors_minor,0.8528570823393121
crimes_drug_intoxication_all,crimes_drug_intoxication_minor,0.8525914982631473
crimes_prev_committed_crimes_serious,crimes_prev_convicted_all,0.8505521930178084
crimes_alco_intoxication_minor,crimes_alco_intoxication_serious,0.846458221893296
crimes_alco_intoxication_minor,crimes_alco_intoxication_moderate,0.8458314098477576
formal_wage_paid,gross_regional_product,0.8454772678387711
crimes_drug_intoxication_all,crimes_drug_intoxication_serious,0.8444588792353912
crimes_involving_minors_minor,crimes_prev_committed_crimes_minor,0.8442320807650306
crimes_involving_minors_all,crimes_prev_committed_crimes_moderate,0.8425822458006952
crimes_alco_intoxication_serious,crimes_prev_committed_crimes_all,0.8413151878421057
production_housing_and_utilities,production_manufacturing,0.8411054848327102
population_above_working_age,production_manufacturing,0.8409522808526467
crimes_involving_minors_minor,crimes_prev_convicted_all,0.8364650148860263
crimes_involving_minors_all,crimes_prev_convicted_all,0.8354931328511797
population_above_working_age_pct,population_below_working_age_pct,-0.8349979620218575
crimes_alco_intoxication_serious,crimes_involving_minors_minor,0.8343050625457281
crimes_criminal_organization_all,crimes_criminal_organization_serious,0.8328029255224495
crimes_prev_committed_crimes_all,crimes_prev_convicted_moderate,0.8319798711814231
crimes_alco_intoxication_minor,crimes_prev_convicted_all,0.8311872729981705
gross_regional_product,per_capita_cash_income,0.8299718652156058
population_of_working_age,production_housing_and_utilities,0.8299254573238217
crimes_alco_intoxication_all,crimes_prev_committed_crimes_serious,0.8290112917762749
crimes_alco_intoxication_minor,crimes_involving_minors_minor,0.8286376492561973
crimes_alco_intoxication_moderate,crimes_prev_convicted_moderate,0.8270136146140938
crimes_alco_intoxication_serious,crimes_involving_minors_serious,0.8267608136527175
crimes_alco_intoxication_serious,crimes_prev_convicted_serious,0.8266808210779824
crimes_prev_committed_crimes_moderate,crimes_prev_committed_crimes_serious,0.8266356344327122
population,production_housing_and_utilities,0.826625306650831
crimes_prev_committed_crimes_all,crimes_prev_convicted_serious,0.8241750994716827
crimes_alco_intoxication_especially_serious,crimes_involving_minors_all,0.823448359560547
crimes_alco_intoxication_moderate,crimes_prev_convicted_all,0.8166936565277605
population_above_working_age,production_housing_and_utilities,0.8161968745045809
crimes_alco_intoxication_serious,crimes_involving_minors_moderate,0.8152861535906285
crimes_alco_intoxication_all,crimes_prev_committed_crimes_moderate,0.8152287543385286
crimes_alco_intoxication_serious,crimes_prev_convicted_all,0.8148880226079778
crimes_alco_intoxication_minor,crimes_prev_convicted_minor,0.814403792747177
crimes_involving_minors_moderate,crimes_prev_convicted_moderate,0.8107110057570228
crimes_prev_convicted_moderate,crimes_prev_convicted_serious,0.810350123225203
crimes_involving_minors_minor,crimes_involving_minors_moderate,0.809189682025677
population,production_manufacturing,0.8076490586372872
population_of_working_age,production_manufacturing,0.806026003685153
crimes_involving_minors_moderate,crimes_prev_committed_crimes_all,0.8049503191154165
crimes_involving_minors_minor,crimes_prev_convicted_minor,0.8046194188859606
population_below_working_age,production_housing_and_utilities,0.8037297289870714
crimes_alco_intoxication_moderate,crimes_prev_committed_crimes_serious,0.8034267964134016
crimes_involving_minors_all,crimes_prev_committed_crimes_serious,0.8029706555483094
crimes_alco_intoxication_moderate,crimes_involving_minors_minor,0.8011632508893282
crimes_alco_intoxication_all,crimes_involving_minors_moderate,0.8002771651120019
crimes_prev_committed_crimes_moderate,crimes_prev_convicted_serious,0.7993480910474264
crimes_alco_intoxication_all,crimes_prev_convicted_minor,0.7987191417956928
crimes_alco_intoxication_minor,crimes_involving_minors_all,0.7961135821285596
crimes_involving_minors_serious,crimes_prev_committed_crimes_serious,0.7960265673048975
crimes_alco_intoxication_especially_serious,crimes_involving_minors_serious,0.7951003017659072
crimes_alco_intoxication_especially_serious,crimes_alco_intoxication_minor,0.7938231683092011
crimes_alco_intoxication_especially_serious,crimes_prev_committed_crimes_all,0.7934059550965333
crimes_prev_committed_crimes_all,crimes_prev_committed_crimes_especially_serious,0.7922485973821056
disabled_18_30,disabled_41_50,0.7895765432532238
crimes_alco_intoxication_moderate,crimes_involving_minors_serious,0.7893987855783768
crimes_involving_minors_all,crimes_prev_committed_crimes_minor,0.7890687398788021
crimes_alco_intoxication_all,crimes_involving_minors_serious,0.7874466003766368
crimes_alco_intoxication_especially_serious,crimes_prev_committed_crimes_serious,0.787059062842647
crimes_prev_committed_crimes_minor,crimes_prev_committed_crimes_serious,0.7863926524072269
crimes_prev_committed_crimes_especially_serious,crimes_prev_convicted_all,0.7847121977074495
crimes_alco_intoxication_especially_serious,crimes_involving_minors_moderate,0.7838625654185531
crimes_prev_committed_crimes_serious,crimes_prev_convicted_moderate,0.7825661373722866
crimes_involving_minors_all,crimes_prev_convicted_moderate,0.7814224267426779
newborn,population_above_working_age_pct,-0.7793469615806772
crimes_alco_intoxication_serious,crimes_prev_committed_crimes_moderate,0.7780712874285868
crimes_prev_convicted_all,crimes_prev_convicted_especially_serious,0.7769678784015163
crimes_involving_minors_all,crimes_prev_committed_crimes_especially_serious,0.7754941220723328
crimes_involving_minors_moderate,crimes_prev_convicted_all,0.7753319997166676
crimes_alco_intoxication_serious,crimes_prev_committed_crimes_minor,0.7740392952837355
crimes_prev_committed_crimes_minor,crimes_prev_committed_crimes_moderate,0.7728183399159284
crimes_alco_intoxication_minor,crimes_prev_committed_crimes_serious,0.7713406144895253
crimes_involving_minors_serious,crimes_prev_committed_crimes_all,0.7712725292064493
crimes_involving_minors_all,crimes_prev_convicted_serious,0.7709736256542904
crimes_alco_intoxication_all,crimes_prev_convicted_serious,0.7689640412004504
crimes_alco_intoxication_especially_serious,crimes_involving_minors_minor,0.7658407075863352
crimes_alco_intoxication_moderate,crimes_prev_committed_crimes_minor,0.7647317623035907
crimes_alco_intoxication_especially_serious,crimes_prev_committed_crimes_especially_serious,0.7646565604793165
morbidity_tuberkulez_all,morbidity_tuberkulez_under_18,0.7640155973357232
formal_wage_paid,per_capita_cash_income,0.763681208876924
crimes_alco_intoxication_moderate,crimes_prev_convicted_serious,0.7629267390141495
crimes_involving_minors_minor,crimes_involving_minors_serious,0.7627906266708873
crimes_involving_minors_moderate,crimes_prev_committed_crimes_serious,0.7627453818027273
crimes_involving_minors_minor,crimes_prev_committed_crimes_serious,0.7581144191588359
crimes_group_persons_all,crimes_group_persons_minor,0.7577549787456577
newborn,population_below_working_age_pct,0.7559265472986485
crimes_alco_intoxication_all,crimes_prev_committed_crimes_especially_serious,0.7556901588371644
crimes_involving_minors_serious,crimes_prev_committed_crimes_moderate,0.7552560006643658
crimes_alco_intoxication_serious,crimes_prev_committed_crimes_especially_serious,0.7524855708050306
crimes_involving_minors_serious,crimes_prev_convicted_serious,0.7507345883008112
crimes_alco_intoxication_especially_serious,crimes_prev_convicted_all,0.7473071772350907
crimes_alco_intoxication_minor,crimes_prev_committed_crimes_moderate,0.7458364170165579
crimes_alco_intoxication_especially_serious,crimes_prev_convicted_serious,0.7452432465233207
crimes_group_persons_all,crimes_group_persons_serious,0.7439336436945994
crimes_alco_intoxication_all,crimes_prev_convicted_moderate,0.7437819512326184
crimes_prev_committed_crimes_especially_serious,crimes_prev_committed_crimes_minor,0.7437315742294456
crimes_group_persons_by_prior_conspiracy_all,crimes_group_persons_by_prior_conspiracy_serious,0.7431881132255205
crimes_prev_committed_crimes_all,crimes_prev_convicted_especially_serious,0.742922183711802
disabled_31_40,disabled_51_60,0.7411486869161803
crimes_involving_minors_moderate,crimes_prev_convicted_serious,0.7403468502465725
crimes_involving_minors_minor,crimes_prev_committed_crimes_especially_serious,0.7354177456060393
crimes_involving_minors_serious,crimes_prev_convicted_all,0.7350374194273265
crimes_alco_intoxication_especially_serious,crimes_prev_committed_crimes_moderate,0.7343120466307916
crimes_alco_intoxication_especially_serious,crimes_prev_committed_crimes_minor,0.7339676510919046
crimes_alco_intoxication_moderate,crimes_prev_committed_crimes_especially_serious,0.7338335617090811
morbidity_tuberkulez_18_over,morbidity_tuberkulez_under_18,0.7334635212955438
population_below_working_age,production_manufacturing,0.7312354116639519
population_of_working_age,production_industry,0.7285251297207436
crimes_involving_minors_all,crimes_prev_convicted_especially_serious,0.7284026154518787
cash_income_fromal_wage_diff,formal_wage_paid,-0.7275706039694112
crimes_involving_minors_minor,crimes_prev_committed_crimes_moderate,0.727181257616185
crimes_involving_minors_all,crimes_prev_convicted_minor,0.7270134314249914
crimes_prev_committed_crimes_minor,crimes_prev_convicted_serious,0.7263847874884286
crimes_involving_minors_minor,crimes_prev_convicted_serious,0.7249732181328241
crimes_alco_intoxication_serious,crimes_prev_convicted_moderate,0.7245199224255214
crimes_organized_group_all,crimes_organized_group_especially_serious,0.7227590177417528
population,production_industry,0.7219623821292979
crimes_alco_intoxication_minor,crimes_involving_minors_moderate,0.7205028907240366
disabled_60_,population_above_working_age_pct,0.7204202356727083
crimes_prev_convicted_especially_serious,crimes_prev_convicted_serious,0.7200330106762609
crimes_prev_committed_crimes_serious,crimes_prev_convicted_minor,0.7177397884287993
crimes_alco_intoxication_minor,crimes_involving_minors_serious,0.7172970814312198
population_above_working_age,production_industry,0.7166331621507912
gross_regional_product,retail_turnover_per_capita,0.7155406901036697
crimes_group_persons_by_prior_conspiracy_serious,crimes_involving_minors_moderate,0.7122828903820836
crimes_drug_intoxication_minor,crimes_drug_intoxication_serious,0.7120560845359555
crimes_prev_committed_crimes_minor,crimes_prev_convicted_moderate,0.711889339126994
crimes_alco_intoxication_serious,crimes_prev_convicted_minor,0.7115721166645905
crimes_involving_minors_moderate,crimes_prev_committed_crimes_especially_serious,0.7099136446571066
crimes_prev_committed_crimes_especially_serious,crimes_prev_convicted_minor,0.7097225173602206
crimes_alco_intoxication_minor,crimes_prev_committed_crimes_especially_serious,0.7082356324786951
crimes_prev_committed_crimes_especially_serious,crimes_prev_committed_crimes_serious,0.7064742692586703
crimes_prev_committed_crimes_moderate,crimes_prev_convicted_minor,0.7063319923891034
crimes_involving_minors_serious,crimes_prev_committed_crimes_especially_serious,0.7060459120741158
crimes_involving_minors_moderate,crimes_prev_committed_crimes_minor,0.7033566960501987
crimes_organized_group_all,crimes_organized_group_serious,0.7021592829481992
crimes_alco_intoxication_minor,crimes_prev_convicted_serious,0.7006738916448672
